[
    {
        "pk": 1, 
        "model": "workflow.nodetype", 
        "fields": {
            "category": 1, 
            "name": "ecs.core.workflow.review_statistical_issues", 
            "data_type": null, 
            "implementation": "ecs.core.workflow.review_statistical_issues", 
            "content_type": 20, 
            "description": null
        }
    }, 
    {
        "pk": 2, 
        "model": "workflow.nodetype", 
        "fields": {
            "category": 1, 
            "name": "ecs.core.workflow.acknowledge_signed_submission_form", 
            "data_type": null, 
            "implementation": "ecs.core.workflow.acknowledge_signed_submission_form", 
            "content_type": 20, 
            "description": null
        }
    }, 
    {
        "pk": 3, 
        "model": "workflow.nodetype", 
        "fields": {
            "category": 1, 
            "name": "ecs.core.workflow.review_scientific_issues", 
            "data_type": null, 
            "implementation": "ecs.core.workflow.review_scientific_issues", 
            "content_type": 20, 
            "description": null
        }
    }, 
    {
        "pk": 4, 
        "model": "workflow.nodetype", 
        "fields": {
            "category": 1, 
            "name": "ecs.core.workflow.change_submission_form", 
            "data_type": null, 
            "implementation": "ecs.core.workflow.change_submission_form", 
            "content_type": 20, 
            "description": null
        }
    }, 
    {
        "pk": 5, 
        "model": "workflow.nodetype", 
        "fields": {
            "category": 1, 
            "name": "ecs.core.workflow.assign_external_reviewer", 
            "data_type": null, 
            "implementation": "ecs.core.workflow.assign_external_reviewer", 
            "content_type": 20, 
            "description": null
        }
    }, 
    {
        "pk": 6, 
        "model": "workflow.nodetype", 
        "fields": {
            "category": 1, 
            "name": "ecs.core.workflow.review_retrospective_thesis", 
            "data_type": null, 
            "implementation": "ecs.core.workflow.review_retrospective_thesis", 
            "content_type": 20, 
            "description": null
        }
    }, 
    {
        "pk": 7, 
        "model": "workflow.nodetype", 
        "fields": {
            "category": 1, 
            "name": "ecs.core.workflow.review_legal_and_patient_data", 
            "data_type": null, 
            "implementation": "ecs.core.workflow.review_legal_and_patient_data", 
            "content_type": 20, 
            "description": null
        }
    }, 
    {
        "pk": 8, 
        "model": "workflow.nodetype", 
        "fields": {
            "category": 1, 
            "name": "ecs.core.workflow.review_insurance_issues", 
            "data_type": null, 
            "implementation": "ecs.core.workflow.review_insurance_issues", 
            "content_type": 20, 
            "description": null
        }
    }, 
    {
        "pk": 9, 
        "model": "workflow.nodetype", 
        "fields": {
            "category": 1, 
            "name": "ecs.core.workflow.inspect_form_and_content_completeness", 
            "data_type": null, 
            "implementation": "ecs.core.workflow.inspect_form_and_content_completeness", 
            "content_type": 20, 
            "description": null
        }
    }, 
    {
        "pk": 10, 
        "model": "workflow.nodetype", 
        "fields": {
            "category": 1, 
            "name": "ecs.core.workflow.categorize_retrospective_thesis", 
            "data_type": null, 
            "implementation": "ecs.core.workflow.categorize_retrospective_thesis", 
            "content_type": 20, 
            "description": null
        }
    }, 
    {
        "pk": 11, 
        "model": "workflow.nodetype", 
        "fields": {
            "category": 1, 
            "name": "ecs.core.workflow.review_external", 
            "data_type": null, 
            "implementation": "ecs.core.workflow.review_external", 
            "content_type": 20, 
            "description": null
        }
    }, 
    {
        "pk": 12, 
        "model": "workflow.nodetype", 
        "fields": {
            "category": 1, 
            "name": "ecs.core.workflow.do_external_review", 
            "data_type": null, 
            "implementation": "ecs.core.workflow.do_external_review", 
            "content_type": 20, 
            "description": null
        }
    }, 
    {
        "pk": 13, 
        "model": "workflow.nodetype", 
        "fields": {
            "category": 1, 
            "name": "ecs.core.workflow.contact_external_reviewer", 
            "data_type": null, 
            "implementation": "ecs.core.workflow.contact_external_reviewer", 
            "content_type": 20, 
            "description": null
        }
    }, 
    {
        "pk": 14, 
        "model": "workflow.nodetype", 
        "fields": {
            "category": 2, 
            "name": "ecs.workflow.patterns.synchronization", 
            "data_type": null, 
            "implementation": "ecs.workflow.patterns.synchronization", 
            "content_type": null, 
            "description": null
        }
    }, 
    {
        "pk": 15, 
        "model": "workflow.nodetype", 
        "fields": {
            "category": 2, 
            "name": "ecs.core.workflow.accept", 
            "data_type": null, 
            "implementation": "ecs.core.workflow.accept", 
            "content_type": 20, 
            "description": null
        }
    }, 
    {
        "pk": 16, 
        "model": "workflow.nodetype", 
        "fields": {
            "category": 2, 
            "name": "ecs.core.workflow.reject", 
            "data_type": null, 
            "implementation": "ecs.core.workflow.reject", 
            "content_type": 20, 
            "description": null
        }
    }, 
    {
        "pk": 17, 
        "model": "workflow.nodetype", 
        "fields": {
            "category": 2, 
            "name": "ecs.workflow.patterns.subgraph", 
            "data_type": null, 
            "implementation": "ecs.workflow.patterns.subgraph", 
            "content_type": null, 
            "description": null
        }
    }, 
    {
        "pk": 18, 
        "model": "workflow.nodetype", 
        "fields": {
            "category": 2, 
            "name": "ecs.workflow.patterns.generic", 
            "data_type": null, 
            "implementation": "ecs.workflow.patterns.generic", 
            "content_type": null, 
            "description": null
        }
    }, 
    {
        "pk": 19, 
        "model": "workflow.nodetype", 
        "fields": {
            "category": 3, 
            "name": "", 
            "data_type": null, 
            "implementation": ".b991eb74611f4954bbc04da301b74d2f", 
            "content_type": 20, 
            "description": null
        }
    }, 
    {
        "pk": 19, 
        "model": "workflow.graph", 
        "fields": {
            "auto_start": true
        }
    }, 
    {
        "pk": 1, 
        "model": "workflow.guard", 
        "fields": {
            "implementation": "is_thesis_and_retrospective", 
            "name": "is_thesis_and_retrospective", 
            "content_type": 20
        }
    }, 
    {
        "pk": 2, 
        "model": "workflow.guard", 
        "fields": {
            "implementation": "is_classified_for_external_review", 
            "name": "is_classified_for_external_review", 
            "content_type": 20
        }
    }, 
    {
        "pk": 3, 
        "model": "workflow.guard", 
        "fields": {
            "implementation": "is_accepted", 
            "name": "is_accepted", 
            "content_type": 20
        }
    }, 
    {
        "pk": 4, 
        "model": "workflow.guard", 
        "fields": {
            "implementation": "is_marked_as_thesis_by_submitter", 
            "name": "is_marked_as_thesis_by_submitter", 
            "content_type": 20
        }
    }, 
    {
        "pk": 1, 
        "model": "workflow.node", 
        "fields": {
            "data_ct": 56, 
            "name": "Formal R.", 
            "data_id": 9, 
            "graph": 19, 
            "is_end_node": false, 
            "node_type": 9, 
            "is_start_node": true
        }
    }, 
    {
        "pk": 2, 
        "model": "workflow.node", 
        "fields": {
            "data_ct": 56, 
            "name": "Review Split", 
            "data_id": 18, 
            "graph": 19, 
            "is_end_node": false, 
            "node_type": 18, 
            "is_start_node": false
        }
    }, 
    {
        "pk": 3, 
        "model": "workflow.node", 
        "fields": {
            "data_ct": 56, 
            "name": "", 
            "data_id": 16, 
            "graph": 19, 
            "is_end_node": true, 
            "node_type": 16, 
            "is_start_node": false
        }
    }, 
    {
        "pk": 4, 
        "model": "workflow.node", 
        "fields": {
            "data_ct": 56, 
            "name": "", 
            "data_id": 15, 
            "graph": 19, 
            "is_end_node": false, 
            "node_type": 15, 
            "is_start_node": false
        }
    }, 
    {
        "pk": 5, 
        "model": "workflow.node", 
        "fields": {
            "data_ct": 56, 
            "name": "Thesis Categorization", 
            "data_id": 10, 
            "graph": 19, 
            "is_end_node": false, 
            "node_type": 10, 
            "is_start_node": false
        }
    }, 
    {
        "pk": 6, 
        "model": "workflow.node", 
        "fields": {
            "data_ct": 56, 
            "name": "Executive Thesis Categorization", 
            "data_id": 10, 
            "graph": 19, 
            "is_end_node": false, 
            "node_type": 10, 
            "is_start_node": false
        }
    }, 
    {
        "pk": 7, 
        "model": "workflow.node", 
        "fields": {
            "data_ct": 56, 
            "name": "Retrospective Thesis R.", 
            "data_id": 6, 
            "graph": 19, 
            "is_end_node": false, 
            "node_type": 6, 
            "is_start_node": false
        }
    }, 
    {
        "pk": 8, 
        "model": "workflow.node", 
        "fields": {
            "data_ct": 56, 
            "name": "Legal+Patient R.", 
            "data_id": 7, 
            "graph": 19, 
            "is_end_node": false, 
            "node_type": 7, 
            "is_start_node": false
        }
    }, 
    {
        "pk": 9, 
        "model": "workflow.node", 
        "fields": {
            "data_ct": 56, 
            "name": "Executive R.", 
            "data_id": 3, 
            "graph": 19, 
            "is_end_node": false, 
            "node_type": 3, 
            "is_start_node": false
        }
    }, 
    {
        "pk": 10, 
        "model": "workflow.node", 
        "fields": {
            "data_ct": 56, 
            "name": "Statistical R.", 
            "data_id": 1, 
            "graph": 19, 
            "is_end_node": false, 
            "node_type": 1, 
            "is_start_node": false
        }
    }, 
    {
        "pk": 11, 
        "model": "workflow.node", 
        "fields": {
            "data_ct": 56, 
            "name": "Insurance R.", 
            "data_id": 8, 
            "graph": 19, 
            "is_end_node": false, 
            "node_type": 8, 
            "is_start_node": false
        }
    }, 
    {
        "pk": 12, 
        "model": "workflow.node", 
        "fields": {
            "data_ct": 56, 
            "name": "Contact External Reviewer", 
            "data_id": 13, 
            "graph": 19, 
            "is_end_node": false, 
            "node_type": 13, 
            "is_start_node": false
        }
    }, 
    {
        "pk": 13, 
        "model": "workflow.node", 
        "fields": {
            "data_ct": 56, 
            "name": "External R.", 
            "data_id": 12, 
            "graph": 19, 
            "is_end_node": false, 
            "node_type": 12, 
            "is_start_node": false
        }
    }, 
    {
        "pk": 14, 
        "model": "workflow.node", 
        "fields": {
            "data_ct": 56, 
            "name": "", 
            "data_id": 18, 
            "graph": 19, 
            "is_end_node": false, 
            "node_type": 18, 
            "is_start_node": false
        }
    }, 
    {
        "pk": 15, 
        "model": "workflow.node", 
        "fields": {
            "data_ct": 56, 
            "name": "", 
            "data_id": 14, 
            "graph": 19, 
            "is_end_node": true, 
            "node_type": 14, 
            "is_start_node": false
        }
    }, 
    {
        "pk": 16, 
        "model": "workflow.node", 
        "fields": {
            "data_ct": 56, 
            "name": "Review Sync", 
            "data_id": 14, 
            "graph": 19, 
            "is_end_node": false, 
            "node_type": 14, 
            "is_start_node": false
        }
    }, 
    {
        "pk": 17, 
        "model": "workflow.node", 
        "fields": {
            "data_ct": 56, 
            "name": "", 
            "data_id": 18, 
            "graph": 19, 
            "is_end_node": false, 
            "node_type": 18, 
            "is_start_node": false
        }
    }, 
    {
        "pk": 18, 
        "model": "workflow.node", 
        "fields": {
            "data_ct": 56, 
            "name": "Ack. Signed Submission", 
            "data_id": 2, 
            "graph": 19, 
            "is_end_node": false, 
            "node_type": 2, 
            "is_start_node": false
        }
    }, 
    {
        "pk": 1, 
        "model": "workflow.edge", 
        "fields": {
            "negate": true, 
            "guard": 3, 
            "deadline": false, 
            "to_node": 3, 
            "from_node": 1
        }
    }, 
    {
        "pk": 2, 
        "model": "workflow.edge", 
        "fields": {
            "negate": false, 
            "guard": 3, 
            "deadline": false, 
            "to_node": 4, 
            "from_node": 1
        }
    }, 
    {
        "pk": 3, 
        "model": "workflow.edge", 
        "fields": {
            "negate": true, 
            "guard": 4, 
            "deadline": false, 
            "to_node": 6, 
            "from_node": 4
        }
    }, 
    {
        "pk": 4, 
        "model": "workflow.edge", 
        "fields": {
            "negate": false, 
            "guard": 4, 
            "deadline": false, 
            "to_node": 5, 
            "from_node": 4
        }
    }, 
    {
        "pk": 5, 
        "model": "workflow.edge", 
        "fields": {
            "negate": false, 
            "guard": null, 
            "deadline": false, 
            "to_node": 18, 
            "from_node": 4
        }
    }, 
    {
        "pk": 6, 
        "model": "workflow.edge", 
        "fields": {
            "negate": false, 
            "guard": null, 
            "deadline": false, 
            "to_node": 10, 
            "from_node": 4
        }
    }, 
    {
        "pk": 7, 
        "model": "workflow.edge", 
        "fields": {
            "negate": true, 
            "guard": 1, 
            "deadline": false, 
            "to_node": 6, 
            "from_node": 5
        }
    }, 
    {
        "pk": 8, 
        "model": "workflow.edge", 
        "fields": {
            "negate": false, 
            "guard": 1, 
            "deadline": false, 
            "to_node": 7, 
            "from_node": 5
        }
    }, 
    {
        "pk": 9, 
        "model": "workflow.edge", 
        "fields": {
            "negate": false, 
            "guard": 1, 
            "deadline": false, 
            "to_node": 5, 
            "from_node": 6
        }
    }, 
    {
        "pk": 10, 
        "model": "workflow.edge", 
        "fields": {
            "negate": true, 
            "guard": 1, 
            "deadline": false, 
            "to_node": 2, 
            "from_node": 6
        }
    }, 
    {
        "pk": 11, 
        "model": "workflow.edge", 
        "fields": {
            "negate": false, 
            "guard": null, 
            "deadline": false, 
            "to_node": 8, 
            "from_node": 2
        }
    }, 
    {
        "pk": 12, 
        "model": "workflow.edge", 
        "fields": {
            "negate": false, 
            "guard": null, 
            "deadline": false, 
            "to_node": 9, 
            "from_node": 2
        }
    }, 
    {
        "pk": 13, 
        "model": "workflow.edge", 
        "fields": {
            "negate": false, 
            "guard": null, 
            "deadline": false, 
            "to_node": 11, 
            "from_node": 2
        }
    }, 
    {
        "pk": 14, 
        "model": "workflow.edge", 
        "fields": {
            "negate": false, 
            "guard": 2, 
            "deadline": false, 
            "to_node": 12, 
            "from_node": 9
        }
    }, 
    {
        "pk": 15, 
        "model": "workflow.edge", 
        "fields": {
            "negate": true, 
            "guard": 2, 
            "deadline": false, 
            "to_node": 17, 
            "from_node": 9
        }
    }, 
    {
        "pk": 16, 
        "model": "workflow.edge", 
        "fields": {
            "negate": false, 
            "guard": null, 
            "deadline": false, 
            "to_node": 16, 
            "from_node": 17
        }
    }, 
    {
        "pk": 17, 
        "model": "workflow.edge", 
        "fields": {
            "negate": false, 
            "guard": null, 
            "deadline": false, 
            "to_node": 17, 
            "from_node": 13
        }
    }, 
    {
        "pk": 18, 
        "model": "workflow.edge", 
        "fields": {
            "negate": false, 
            "guard": null, 
            "deadline": false, 
            "to_node": 13, 
            "from_node": 12
        }
    }, 
    {
        "pk": 19, 
        "model": "workflow.edge", 
        "fields": {
            "negate": false, 
            "guard": null, 
            "deadline": true, 
            "to_node": 9, 
            "from_node": 13
        }
    }, 
    {
        "pk": 20, 
        "model": "workflow.edge", 
        "fields": {
            "negate": false, 
            "guard": null, 
            "deadline": false, 
            "to_node": 15, 
            "from_node": 10
        }
    }, 
    {
        "pk": 21, 
        "model": "workflow.edge", 
        "fields": {
            "negate": false, 
            "guard": null, 
            "deadline": false, 
            "to_node": 16, 
            "from_node": 11
        }
    }, 
    {
        "pk": 22, 
        "model": "workflow.edge", 
        "fields": {
            "negate": false, 
            "guard": null, 
            "deadline": false, 
            "to_node": 16, 
            "from_node": 8
        }
    }, 
    {
        "pk": 23, 
        "model": "workflow.edge", 
        "fields": {
            "negate": false, 
            "guard": null, 
            "deadline": false, 
            "to_node": 15, 
            "from_node": 18
        }
    }, 
    {
        "pk": 24, 
        "model": "workflow.edge", 
        "fields": {
            "negate": false, 
            "guard": null, 
            "deadline": false, 
            "to_node": 14, 
            "from_node": 16
        }
    }, 
    {
        "pk": 25, 
        "model": "workflow.edge", 
        "fields": {
            "negate": false, 
            "guard": null, 
            "deadline": false, 
            "to_node": 14, 
            "from_node": 7
        }
    }, 
    {
        "pk": 26, 
        "model": "workflow.edge", 
        "fields": {
            "negate": false, 
            "guard": null, 
            "deadline": false, 
            "to_node": 15, 
            "from_node": 14
        }
    }
]
